sektor,islem_turu,tarih,islem_tutari,islem_adedi,customer,yil,ay,birim_fiyat
ARAC BAKIM / SERVIS,PESIN,2017-11-01,2300.0,2300.0,2300.0,2300.0,2300.0,2300.0
ARAC BAKIM / SERVIS,PESIN,2017-12-01,2073.0,2073.0,2073.0,2073.0,2073.0,2073.0
ARAC BAKIM / SERVIS,PESIN,2018-01-01,2023.0,2023.0,2023.0,2023.0,2023.0,2023.0
ARAC BAKIM / SERVIS,PESIN,2018-02-01,1707.0,1707.0,1707.0,1707.0,1707.0,1707.0
ARAC BAKIM / SERVIS,PESIN,2018-03-01,2109.0,2109.0,2109.0,2109.0,2109.0,2109.0
ARAC BAKIM / SERVIS,PESIN,2018-04-01,2186.0,2186.0,2186.0,2186.0,2186.0,2186.0
ARAC BAKIM / SERVIS,PESIN,2018-05-01,2118.0,2118.0,2118.0,2118.0,2118.0,2118.0
ARAC BAKIM / SERVIS,PESIN,2018-06-01,2064.0,2064.0,2064.0,2064.0,2064.0,2064.0
ARAC BAKIM / SERVIS,PESIN,2018-07-01,2248.0,2248.0,2248.0,2248.0,2248.0,2248.0
ARAC BAKIM / SERVIS,PESIN,2018-08-01,2260.0,2260.0,2260.0,2260.0,2260.0,2260.0
ARAC BAKIM / SERVIS,PESIN,2018-09-01,2158.0,2158.0,2158.0,2158.0,2158.0,2158.0
ARAC BAKIM / SERVIS,PESIN,2018-10-01,2201.0,2201.0,2201.0,2201.0,2201.0,2201.0
ARAC BAKIM / SERVIS,PESIN,2018-11-01,2214.0,2214.0,2214.0,2214.0,2214.0,2214.0
ARAC BAKIM / SERVIS,PESIN,2018-12-01,2238.0,2238.0,2238.0,2238.0,2238.0,2238.0
ARAC BAKIM / SERVIS,PESIN,2019-01-01,1987.0,1987.0,1987.0,1987.0,1987.0,1987.0
ARAC BAKIM / SERVIS,TAKSITLI,2017-11-01,914.0,914.0,914.0,914.0,914.0,914.0
ARAC BAKIM / SERVIS,TAKSITLI,2017-12-01,801.0,801.0,801.0,801.0,801.0,801.0
ARAC BAKIM / SERVIS,TAKSITLI,2018-01-01,652.0,652.0,652.0,652.0,652.0,652.0
ARAC BAKIM / SERVIS,TAKSITLI,2018-02-01,503.0,503.0,503.0,503.0,503.0,503.0
ARAC BAKIM / SERVIS,TAKSITLI,2018-03-01,690.0,690.0,690.0,690.0,690.0,690.0
ARAC BAKIM / SERVIS,TAKSITLI,2018-04-01,717.0,717.0,717.0,717.0,717.0,717.0
ARAC BAKIM / SERVIS,TAKSITLI,2018-05-01,665.0,665.0,665.0,665.0,665.0,665.0
ARAC BAKIM / SERVIS,TAKSITLI,2018-06-01,630.0,630.0,630.0,630.0,630.0,630.0
ARAC BAKIM / SERVIS,TAKSITLI,2018-07-01,661.0,661.0,661.0,661.0,661.0,661.0
ARAC BAKIM / SERVIS,TAKSITLI,2018-08-01,564.0,564.0,564.0,564.0,564.0,564.0
ARAC BAKIM / SERVIS,TAKSITLI,2018-09-01,595.0,595.0,595.0,595.0,595.0,595.0
ARAC BAKIM / SERVIS,TAKSITLI,2018-10-01,615.0,615.0,615.0,615.0,615.0,615.0
ARAC BAKIM / SERVIS,TAKSITLI,2018-11-01,657.0,657.0,657.0,657.0,657.0,657.0
ARAC BAKIM / SERVIS,TAKSITLI,2018-12-01,694.0,694.0,694.0,694.0,694.0,694.0
ARAC BAKIM / SERVIS,TAKSITLI,2019-01-01,579.0,579.0,579.0,579.0,579.0,579.0
BENZIN VE YAKIT ISTASYONLARI,PESIN,2017-11-01,12106.0,12106.0,12106.0,12106.0,12106.0,12106.0
BENZIN VE YAKIT ISTASYONLARI,PESIN,2017-12-01,12248.0,12248.0,12248.0,12248.0,12248.0,12248.0
BENZIN VE YAKIT ISTASYONLARI,PESIN,2018-01-01,12322.0,12322.0,12322.0,12322.0,12322.0,12322.0
BENZIN VE YAKIT ISTASYONLARI,PESIN,2018-02-01,11903.0,11903.0,11903.0,11903.0,11903.0,11903.0
BENZIN VE YAKIT ISTASYONLARI,PESIN,2018-03-01,12389.0,12389.0,12389.0,12389.0,12389.0,12389.0
BENZIN VE YAKIT ISTASYONLARI,PESIN,2018-04-01,12762.0,12762.0,12762.0,12762.0,12762.0,12762.0
BENZIN VE YAKIT ISTASYONLARI,PESIN,2018-05-01,12654.0,12654.0,12654.0,12654.0,12654.0,12654.0
BENZIN VE YAKIT ISTASYONLARI,PESIN,2018-06-01,13127.0,13127.0,13127.0,13127.0,13127.0,13127.0
BENZIN VE YAKIT ISTASYONLARI,PESIN,2018-07-01,13462.0,13462.0,13462.0,13462.0,13462.0,13462.0
BENZIN VE YAKIT ISTASYONLARI,PESIN,2018-08-01,13841.0,13841.0,13841.0,13841.0,13841.0,13841.0
BENZIN VE YAKIT ISTASYONLARI,PESIN,2018-09-01,13324.0,13324.0,13324.0,13324.0,13324.0,13324.0
BENZIN VE YAKIT ISTASYONLARI,PESIN,2018-10-01,12940.0,12940.0,12940.0,12940.0,12940.0,12940.0
BENZIN VE YAKIT ISTASYONLARI,PESIN,2018-11-01,12486.0,12486.0,12486.0,12486.0,12486.0,12486.0
BENZIN VE YAKIT ISTASYONLARI,PESIN,2018-12-01,12490.0,12490.0,12490.0,12490.0,12490.0,12490.0
BENZIN VE YAKIT ISTASYONLARI,PESIN,2019-01-01,12196.0,12196.0,12196.0,12196.0,12196.0,12196.0
BENZIN VE YAKIT ISTASYONLARI,TAKSITLI,2017-11-01,1.0,1.0,1.0,1.0,1.0,1.0
BENZIN VE YAKIT ISTASYONLARI,TAKSITLI,2017-12-01,1.0,1.0,1.0,1.0,1.0,1.0
BENZIN VE YAKIT ISTASYONLARI,TAKSITLI,2018-01-01,,,,,,
BENZIN VE YAKIT ISTASYONLARI,TAKSITLI,2018-02-01,1.0,1.0,1.0,1.0,1.0,1.0
BENZIN VE YAKIT ISTASYONLARI,TAKSITLI,2018-03-01,1.0,1.0,1.0,1.0,1.0,1.0
BENZIN VE YAKIT ISTASYONLARI,TAKSITLI,2018-04-01,,,,,,
BENZIN VE YAKIT ISTASYONLARI,TAKSITLI,2018-05-01,,,,,,
BENZIN VE YAKIT ISTASYONLARI,TAKSITLI,2018-06-01,1.0,1.0,1.0,1.0,1.0,1.0
BENZIN VE YAKIT ISTASYONLARI,TAKSITLI,2018-07-01,5.0,5.0,5.0,5.0,5.0,5.0
BENZIN VE YAKIT ISTASYONLARI,TAKSITLI,2018-08-01,,,,,,
BENZIN VE YAKIT ISTASYONLARI,TAKSITLI,2018-09-01,6.0,6.0,6.0,6.0,6.0,6.0
BENZIN VE YAKIT ISTASYONLARI,TAKSITLI,2018-10-01,3.0,3.0,3.0,3.0,3.0,3.0
BENZIN VE YAKIT ISTASYONLARI,TAKSITLI,2018-11-01,2.0,2.0,2.0,2.0,2.0,2.0
BENZIN VE YAKIT ISTASYONLARI,TAKSITLI,2018-12-01,3.0,3.0,3.0,3.0,3.0,3.0
BENZIN VE YAKIT ISTASYONLARI,TAKSITLI,2019-01-01,,,,,,
BIREYSEL EMEKLILIK,PESIN,2017-11-01,4172.0,4172.0,4172.0,4172.0,4172.0,4172.0
BIREYSEL EMEKLILIK,PESIN,2017-12-01,4039.0,4039.0,4039.0,4039.0,4039.0,4039.0
BIREYSEL EMEKLILIK,PESIN,2018-01-01,4230.0,4230.0,4230.0,4230.0,4230.0,4230.0
BIREYSEL EMEKLILIK,PESIN,2018-02-01,4211.0,4211.0,4211.0,4211.0,4211.0,4211.0
BIREYSEL EMEKLILIK,PESIN,2018-03-01,4249.0,4249.0,4249.0,4249.0,4249.0,4249.0
BIREYSEL EMEKLILIK,PESIN,2018-04-01,4241.0,4241.0,4241.0,4241.0,4241.0,4241.0
BIREYSEL EMEKLILIK,PESIN,2018-05-01,4244.0,4244.0,4244.0,4244.0,4244.0,4244.0
BIREYSEL EMEKLILIK,PESIN,2018-06-01,4262.0,4262.0,4262.0,4262.0,4262.0,4262.0
BIREYSEL EMEKLILIK,PESIN,2018-07-01,4241.0,4241.0,4241.0,4241.0,4241.0,4241.0
BIREYSEL EMEKLILIK,PESIN,2018-08-01,4194.0,4194.0,4194.0,4194.0,4194.0,4194.0
BIREYSEL EMEKLILIK,PESIN,2018-09-01,4181.0,4181.0,4181.0,4181.0,4181.0,4181.0
BIREYSEL EMEKLILIK,PESIN,2018-10-01,4222.0,4222.0,4222.0,4222.0,4222.0,4222.0
BIREYSEL EMEKLILIK,PESIN,2018-11-01,4125.0,4125.0,4125.0,4125.0,4125.0,4125.0
BIREYSEL EMEKLILIK,PESIN,2018-12-01,4195.0,4195.0,4195.0,4195.0,4195.0,4195.0
BIREYSEL EMEKLILIK,PESIN,2019-01-01,4144.0,4144.0,4144.0,4144.0,4144.0,4144.0
BIREYSEL EMEKLILIK,TAKSITLI,2017-11-01,125.0,125.0,125.0,125.0,125.0,125.0
BIREYSEL EMEKLILIK,TAKSITLI,2017-12-01,114.0,114.0,114.0,114.0,114.0,114.0
BIREYSEL EMEKLILIK,TAKSITLI,2018-01-01,96.0,96.0,96.0,96.0,96.0,96.0
BIREYSEL EMEKLILIK,TAKSITLI,2018-02-01,96.0,96.0,96.0,96.0,96.0,96.0
BIREYSEL EMEKLILIK,TAKSITLI,2018-03-01,113.0,113.0,113.0,113.0,113.0,113.0
BIREYSEL EMEKLILIK,TAKSITLI,2018-04-01,108.0,108.0,108.0,108.0,108.0,108.0
BIREYSEL EMEKLILIK,TAKSITLI,2018-05-01,117.0,117.0,117.0,117.0,117.0,117.0
BIREYSEL EMEKLILIK,TAKSITLI,2018-06-01,108.0,108.0,108.0,108.0,108.0,108.0
BIREYSEL EMEKLILIK,TAKSITLI,2018-07-01,89.0,89.0,89.0,89.0,89.0,89.0
BIREYSEL EMEKLILIK,TAKSITLI,2018-08-01,86.0,86.0,86.0,86.0,86.0,86.0
BIREYSEL EMEKLILIK,TAKSITLI,2018-09-01,98.0,98.0,98.0,98.0,98.0,98.0
BIREYSEL EMEKLILIK,TAKSITLI,2018-10-01,101.0,101.0,101.0,101.0,101.0,101.0
BIREYSEL EMEKLILIK,TAKSITLI,2018-11-01,69.0,69.0,69.0,69.0,69.0,69.0
BIREYSEL EMEKLILIK,TAKSITLI,2018-12-01,90.0,90.0,90.0,90.0,90.0,90.0
BIREYSEL EMEKLILIK,TAKSITLI,2019-01-01,82.0,82.0,82.0,82.0,82.0,82.0
CESITLI GIDA,PESIN,2017-11-01,12388.0,12388.0,12388.0,12388.0,12388.0,12388.0
CESITLI GIDA,PESIN,2017-12-01,13149.0,13149.0,13149.0,13149.0,13149.0,13149.0
CESITLI GIDA,PESIN,2018-01-01,12961.0,12961.0,12961.0,12961.0,12961.0,12961.0
CESITLI GIDA,PESIN,2018-02-01,12578.0,12578.0,12578.0,12578.0,12578.0,12578.0
CESITLI GIDA,PESIN,2018-03-01,13551.0,13551.0,13551.0,13551.0,13551.0,13551.0
CESITLI GIDA,PESIN,2018-04-01,13384.0,13384.0,13384.0,13384.0,13384.0,13384.0
CESITLI GIDA,PESIN,2018-05-01,13739.0,13739.0,13739.0,13739.0,13739.0,13739.0
CESITLI GIDA,PESIN,2018-06-01,13331.0,13331.0,13331.0,13331.0,13331.0,13331.0
CESITLI GIDA,PESIN,2018-07-01,13288.0,13288.0,13288.0,13288.0,13288.0,13288.0
CESITLI GIDA,PESIN,2018-08-01,12944.0,12944.0,12944.0,12944.0,12944.0,12944.0
CESITLI GIDA,PESIN,2018-09-01,12833.0,12833.0,12833.0,12833.0,12833.0,12833.0
CESITLI GIDA,PESIN,2018-10-01,13525.0,13525.0,13525.0,13525.0,13525.0,13525.0
CESITLI GIDA,PESIN,2018-11-01,13425.0,13425.0,13425.0,13425.0,13425.0,13425.0
CESITLI GIDA,PESIN,2018-12-01,14249.0,14249.0,14249.0,14249.0,14249.0,14249.0
CESITLI GIDA,PESIN,2019-01-01,13839.0,13839.0,13839.0,13839.0,13839.0,13839.0
CESITLI GIDA,TAKSITLI,2017-11-01,7.0,7.0,7.0,7.0,7.0,7.0
CESITLI GIDA,TAKSITLI,2017-12-01,5.0,5.0,5.0,5.0,5.0,5.0
CESITLI GIDA,TAKSITLI,2018-01-01,7.0,7.0,7.0,7.0,7.0,7.0
CESITLI GIDA,TAKSITLI,2018-02-01,6.0,6.0,6.0,6.0,6.0,6.0
CESITLI GIDA,TAKSITLI,2018-03-01,4.0,4.0,4.0,4.0,4.0,4.0
CESITLI GIDA,TAKSITLI,2018-04-01,3.0,3.0,3.0,3.0,3.0,3.0
CESITLI GIDA,TAKSITLI,2018-05-01,3.0,3.0,3.0,3.0,3.0,3.0
CESITLI GIDA,TAKSITLI,2018-06-01,5.0,5.0,5.0,5.0,5.0,5.0
CESITLI GIDA,TAKSITLI,2018-07-01,4.0,4.0,4.0,4.0,4.0,4.0
CESITLI GIDA,TAKSITLI,2018-08-01,3.0,3.0,3.0,3.0,3.0,3.0
CESITLI GIDA,TAKSITLI,2018-09-01,3.0,3.0,3.0,3.0,3.0,3.0
CESITLI GIDA,TAKSITLI,2018-10-01,4.0,4.0,4.0,4.0,4.0,4.0
CESITLI GIDA,TAKSITLI,2018-11-01,4.0,4.0,4.0,4.0,4.0,4.0
CESITLI GIDA,TAKSITLI,2018-12-01,3.0,3.0,3.0,3.0,3.0,3.0
CESITLI GIDA,TAKSITLI,2019-01-01,5.0,5.0,5.0,5.0,5.0,5.0
DIGER,PESIN,2017-11-01,2018.0,2018.0,2018.0,2018.0,2018.0,2018.0
DIGER,PESIN,2017-12-01,2208.0,2208.0,2208.0,2208.0,2208.0,2208.0
DIGER,PESIN,2018-01-01,2138.0,2138.0,2138.0,2138.0,2138.0,2138.0
DIGER,PESIN,2018-02-01,2012.0,2012.0,2012.0,2012.0,2012.0,2012.0
DIGER,PESIN,2018-03-01,2228.0,2228.0,2228.0,2228.0,2228.0,2228.0
DIGER,PESIN,2018-04-01,2254.0,2254.0,2254.0,2254.0,2254.0,2254.0
DIGER,PESIN,2018-05-01,2292.0,2292.0,2292.0,2292.0,2292.0,2292.0
DIGER,PESIN,2018-06-01,2276.0,2276.0,2276.0,2276.0,2276.0,2276.0
DIGER,PESIN,2018-07-01,2385.0,2385.0,2385.0,2385.0,2385.0,2385.0
DIGER,PESIN,2018-08-01,2365.0,2365.0,2365.0,2365.0,2365.0,2365.0
DIGER,PESIN,2018-09-01,2390.0,2390.0,2390.0,2390.0,2390.0,2390.0
DIGER,PESIN,2018-10-01,2439.0,2439.0,2439.0,2439.0,2439.0,2439.0
DIGER,PESIN,2018-11-01,2371.0,2371.0,2371.0,2371.0,2371.0,2371.0
DIGER,PESIN,2018-12-01,2460.0,2460.0,2460.0,2460.0,2460.0,2460.0
DIGER,PESIN,2019-01-01,2391.0,2391.0,2391.0,2391.0,2391.0,2391.0
DIGER,TAKSITLI,2017-11-01,143.0,143.0,143.0,143.0,143.0,143.0
DIGER,TAKSITLI,2017-12-01,79.0,79.0,79.0,79.0,79.0,79.0
DIGER,TAKSITLI,2018-01-01,79.0,79.0,79.0,79.0,79.0,79.0
DIGER,TAKSITLI,2018-02-01,73.0,73.0,73.0,73.0,73.0,73.0
DIGER,TAKSITLI,2018-03-01,71.0,71.0,71.0,71.0,71.0,71.0
DIGER,TAKSITLI,2018-04-01,46.0,46.0,46.0,46.0,46.0,46.0
DIGER,TAKSITLI,2018-05-01,37.0,37.0,37.0,37.0,37.0,37.0
DIGER,TAKSITLI,2018-06-01,43.0,43.0,43.0,43.0,43.0,43.0
DIGER,TAKSITLI,2018-07-01,55.0,55.0,55.0,55.0,55.0,55.0
DIGER,TAKSITLI,2018-08-01,48.0,48.0,48.0,48.0,48.0,48.0
DIGER,TAKSITLI,2018-09-01,102.0,102.0,102.0,102.0,102.0,102.0
DIGER,TAKSITLI,2018-10-01,77.0,77.0,77.0,77.0,77.0,77.0
DIGER,TAKSITLI,2018-11-01,94.0,94.0,94.0,94.0,94.0,94.0
DIGER,TAKSITLI,2018-12-01,84.0,84.0,84.0,84.0,84.0,84.0
DIGER,TAKSITLI,2019-01-01,77.0,77.0,77.0,77.0,77.0,77.0
DIJITAL URUNLER,PESIN,2017-11-01,1070.0,1070.0,1070.0,1070.0,1070.0,1070.0
DIJITAL URUNLER,PESIN,2017-12-01,1137.0,1137.0,1137.0,1137.0,1137.0,1137.0
DIJITAL URUNLER,PESIN,2018-01-01,1030.0,1030.0,1030.0,1030.0,1030.0,1030.0
DIJITAL URUNLER,PESIN,2018-02-01,1041.0,1041.0,1041.0,1041.0,1041.0,1041.0
DIJITAL URUNLER,PESIN,2018-03-01,1136.0,1136.0,1136.0,1136.0,1136.0,1136.0
DIJITAL URUNLER,PESIN,2018-04-01,1143.0,1143.0,1143.0,1143.0,1143.0,1143.0
DIJITAL URUNLER,PESIN,2018-05-01,1232.0,1232.0,1232.0,1232.0,1232.0,1232.0
DIJITAL URUNLER,PESIN,2018-06-01,1355.0,1355.0,1355.0,1355.0,1355.0,1355.0
DIJITAL URUNLER,PESIN,2018-07-01,1231.0,1231.0,1231.0,1231.0,1231.0,1231.0
DIJITAL URUNLER,PESIN,2018-08-01,1268.0,1268.0,1268.0,1268.0,1268.0,1268.0
DIJITAL URUNLER,PESIN,2018-09-01,1312.0,1312.0,1312.0,1312.0,1312.0,1312.0
DIJITAL URUNLER,PESIN,2018-10-01,1351.0,1351.0,1351.0,1351.0,1351.0,1351.0
DIJITAL URUNLER,PESIN,2018-11-01,1432.0,1432.0,1432.0,1432.0,1432.0,1432.0
DIJITAL URUNLER,PESIN,2018-12-01,1498.0,1498.0,1498.0,1498.0,1498.0,1498.0
DIJITAL URUNLER,PESIN,2019-01-01,1434.0,1434.0,1434.0,1434.0,1434.0,1434.0
DIJITAL URUNLER,TAKSITLI,2017-11-01,,,,,,
DIJITAL URUNLER,TAKSITLI,2017-12-01,,,,,,
DIJITAL URUNLER,TAKSITLI,2018-01-01,,,,,,
DIJITAL URUNLER,TAKSITLI,2018-02-01,,,,,,
DIJITAL URUNLER,TAKSITLI,2018-03-01,,,,,,
DIJITAL URUNLER,TAKSITLI,2018-04-01,,,,,,
DIJITAL URUNLER,TAKSITLI,2018-05-01,,,,,,
DIJITAL URUNLER,TAKSITLI,2018-06-01,,,,,,
DIJITAL URUNLER,TAKSITLI,2018-07-01,,,,,,
DIJITAL URUNLER,TAKSITLI,2018-08-01,,,,,,
DIJITAL URUNLER,TAKSITLI,2018-09-01,,,,,,
DIJITAL URUNLER,TAKSITLI,2018-10-01,,,,,,
DIJITAL URUNLER,TAKSITLI,2018-11-01,,,,,,
DIJITAL URUNLER,TAKSITLI,2018-12-01,,,,,,
DIJITAL URUNLER,TAKSITLI,2019-01-01,,,,,,
DOGRUDAN PAZARLAMA,PESIN,2017-11-01,860.0,860.0,860.0,860.0,860.0,860.0
DOGRUDAN PAZARLAMA,PESIN,2017-12-01,754.0,754.0,754.0,754.0,754.0,754.0
DOGRUDAN PAZARLAMA,PESIN,2018-01-01,750.0,750.0,750.0,750.0,750.0,750.0
DOGRUDAN PAZARLAMA,PESIN,2018-02-01,758.0,758.0,758.0,758.0,758.0,758.0
DOGRUDAN PAZARLAMA,PESIN,2018-03-01,783.0,783.0,783.0,783.0,783.0,783.0
DOGRUDAN PAZARLAMA,PESIN,2018-04-01,729.0,729.0,729.0,729.0,729.0,729.0
DOGRUDAN PAZARLAMA,PESIN,2018-05-01,699.0,699.0,699.0,699.0,699.0,699.0
DOGRUDAN PAZARLAMA,PESIN,2018-06-01,670.0,670.0,670.0,670.0,670.0,670.0
DOGRUDAN PAZARLAMA,PESIN,2018-07-01,668.0,668.0,668.0,668.0,668.0,668.0
DOGRUDAN PAZARLAMA,PESIN,2018-08-01,620.0,620.0,620.0,620.0,620.0,620.0
DOGRUDAN PAZARLAMA,PESIN,2018-09-01,619.0,619.0,619.0,619.0,619.0,619.0
DOGRUDAN PAZARLAMA,PESIN,2018-10-01,683.0,683.0,683.0,683.0,683.0,683.0
DOGRUDAN PAZARLAMA,PESIN,2018-11-01,719.0,719.0,719.0,719.0,719.0,719.0
DOGRUDAN PAZARLAMA,PESIN,2018-12-01,491.0,491.0,491.0,491.0,491.0,491.0
DOGRUDAN PAZARLAMA,PESIN,2019-01-01,494.0,494.0,494.0,494.0,494.0,494.0
DOGRUDAN PAZARLAMA,TAKSITLI,2017-11-01,3.0,3.0,3.0,3.0,3.0,3.0
DOGRUDAN PAZARLAMA,TAKSITLI,2017-12-01,15.0,15.0,15.0,15.0,15.0,15.0
DOGRUDAN PAZARLAMA,TAKSITLI,2018-01-01,5.0,5.0,5.0,5.0,5.0,5.0
DOGRUDAN PAZARLAMA,TAKSITLI,2018-02-01,7.0,7.0,7.0,7.0,7.0,7.0
DOGRUDAN PAZARLAMA,TAKSITLI,2018-03-01,9.0,9.0,9.0,9.0,9.0,9.0
DOGRUDAN PAZARLAMA,TAKSITLI,2018-04-01,10.0,10.0,10.0,10.0,10.0,10.0
DOGRUDAN PAZARLAMA,TAKSITLI,2018-05-01,4.0,4.0,4.0,4.0,4.0,4.0
DOGRUDAN PAZARLAMA,TAKSITLI,2018-06-01,4.0,4.0,4.0,4.0,4.0,4.0
DOGRUDAN PAZARLAMA,TAKSITLI,2018-07-01,2.0,2.0,2.0,2.0,2.0,2.0
DOGRUDAN PAZARLAMA,TAKSITLI,2018-08-01,1.0,1.0,1.0,1.0,1.0,1.0
DOGRUDAN PAZARLAMA,TAKSITLI,2018-09-01,4.0,4.0,4.0,4.0,4.0,4.0
DOGRUDAN PAZARLAMA,TAKSITLI,2018-10-01,4.0,4.0,4.0,4.0,4.0,4.0
DOGRUDAN PAZARLAMA,TAKSITLI,2018-11-01,12.0,12.0,12.0,12.0,12.0,12.0
DOGRUDAN PAZARLAMA,TAKSITLI,2018-12-01,5.0,5.0,5.0,5.0,5.0,5.0
DOGRUDAN PAZARLAMA,TAKSITLI,2019-01-01,3.0,3.0,3.0,3.0,3.0,3.0
EGLENCE / SPOR / HOBI,PESIN,2017-11-01,2685.0,2685.0,2685.0,2685.0,2685.0,2685.0
EGLENCE / SPOR / HOBI,PESIN,2017-12-01,2927.0,2927.0,2927.0,2927.0,2927.0,2927.0
EGLENCE / SPOR / HOBI,PESIN,2018-01-01,3306.0,3306.0,3306.0,3306.0,3306.0,3306.0
EGLENCE / SPOR / HOBI,PESIN,2018-02-01,2260.0,2260.0,2260.0,2260.0,2260.0,2260.0
EGLENCE / SPOR / HOBI,PESIN,2018-03-01,2147.0,2147.0,2147.0,2147.0,2147.0,2147.0
EGLENCE / SPOR / HOBI,PESIN,2018-04-01,1896.0,1896.0,1896.0,1896.0,1896.0,1896.0
EGLENCE / SPOR / HOBI,PESIN,2018-05-01,1683.0,1683.0,1683.0,1683.0,1683.0,1683.0
EGLENCE / SPOR / HOBI,PESIN,2018-06-01,1516.0,1516.0,1516.0,1516.0,1516.0,1516.0
EGLENCE / SPOR / HOBI,PESIN,2018-07-01,1639.0,1639.0,1639.0,1639.0,1639.0,1639.0
EGLENCE / SPOR / HOBI,PESIN,2018-08-01,1790.0,1790.0,1790.0,1790.0,1790.0,1790.0
EGLENCE / SPOR / HOBI,PESIN,2018-09-01,1643.0,1643.0,1643.0,1643.0,1643.0,1643.0
EGLENCE / SPOR / HOBI,PESIN,2018-10-01,2277.0,2277.0,2277.0,2277.0,2277.0,2277.0
EGLENCE / SPOR / HOBI,PESIN,2018-11-01,2842.0,2842.0,2842.0,2842.0,2842.0,2842.0
EGLENCE / SPOR / HOBI,PESIN,2018-12-01,2731.0,2731.0,2731.0,2731.0,2731.0,2731.0
EGLENCE / SPOR / HOBI,PESIN,2019-01-01,2869.0,2869.0,2869.0,2869.0,2869.0,2869.0
EGLENCE / SPOR / HOBI,TAKSITLI,2017-11-01,24.0,24.0,24.0,24.0,24.0,24.0
EGLENCE / SPOR / HOBI,TAKSITLI,2017-12-01,27.0,27.0,27.0,27.0,27.0,27.0
EGLENCE / SPOR / HOBI,TAKSITLI,2018-01-01,21.0,21.0,21.0,21.0,21.0,21.0
EGLENCE / SPOR / HOBI,TAKSITLI,2018-02-01,29.0,29.0,29.0,29.0,29.0,29.0
EGLENCE / SPOR / HOBI,TAKSITLI,2018-03-01,26.0,26.0,26.0,26.0,26.0,26.0
EGLENCE / SPOR / HOBI,TAKSITLI,2018-04-01,20.0,20.0,20.0,20.0,20.0,20.0
EGLENCE / SPOR / HOBI,TAKSITLI,2018-05-01,14.0,14.0,14.0,14.0,14.0,14.0
EGLENCE / SPOR / HOBI,TAKSITLI,2018-06-01,24.0,24.0,24.0,24.0,24.0,24.0
EGLENCE / SPOR / HOBI,TAKSITLI,2018-07-01,34.0,34.0,34.0,34.0,34.0,34.0
EGLENCE / SPOR / HOBI,TAKSITLI,2018-08-01,30.0,30.0,30.0,30.0,30.0,30.0
EGLENCE / SPOR / HOBI,TAKSITLI,2018-09-01,48.0,48.0,48.0,48.0,48.0,48.0
EGLENCE / SPOR / HOBI,TAKSITLI,2018-10-01,51.0,51.0,51.0,51.0,51.0,51.0
EGLENCE / SPOR / HOBI,TAKSITLI,2018-11-01,32.0,32.0,32.0,32.0,32.0,32.0
EGLENCE / SPOR / HOBI,TAKSITLI,2018-12-01,43.0,43.0,43.0,43.0,43.0,43.0
EGLENCE / SPOR / HOBI,TAKSITLI,2019-01-01,33.0,33.0,33.0,33.0,33.0,33.0
ELEKTRIK-ELEKTRONIK ESYA / BILGISAYAR,PESIN,2017-11-01,5275.0,5275.0,5275.0,5275.0,5275.0,5275.0
ELEKTRIK-ELEKTRONIK ESYA / BILGISAYAR,PESIN,2017-12-01,6169.0,6169.0,6169.0,6169.0,6169.0,6169.0
ELEKTRIK-ELEKTRONIK ESYA / BILGISAYAR,PESIN,2018-01-01,5076.0,5076.0,5076.0,5076.0,5076.0,5076.0
ELEKTRIK-ELEKTRONIK ESYA / BILGISAYAR,PESIN,2018-02-01,4603.0,4603.0,4603.0,4603.0,4603.0,4603.0
ELEKTRIK-ELEKTRONIK ESYA / BILGISAYAR,PESIN,2018-03-01,4996.0,4996.0,4996.0,4996.0,4996.0,4996.0
ELEKTRIK-ELEKTRONIK ESYA / BILGISAYAR,PESIN,2018-04-01,4797.0,4797.0,4797.0,4797.0,4797.0,4797.0
ELEKTRIK-ELEKTRONIK ESYA / BILGISAYAR,PESIN,2018-05-01,5109.0,5109.0,5109.0,5109.0,5109.0,5109.0
ELEKTRIK-ELEKTRONIK ESYA / BILGISAYAR,PESIN,2018-06-01,4931.0,4931.0,4931.0,4931.0,4931.0,4931.0
ELEKTRIK-ELEKTRONIK ESYA / BILGISAYAR,PESIN,2018-07-01,4958.0,4958.0,4958.0,4958.0,4958.0,4958.0
ELEKTRIK-ELEKTRONIK ESYA / BILGISAYAR,PESIN,2018-08-01,4576.0,4576.0,4576.0,4576.0,4576.0,4576.0
ELEKTRIK-ELEKTRONIK ESYA / BILGISAYAR,PESIN,2018-09-01,5226.0,5226.0,5226.0,5226.0,5226.0,5226.0
ELEKTRIK-ELEKTRONIK ESYA / BILGISAYAR,PESIN,2018-10-01,5379.0,5379.0,5379.0,5379.0,5379.0,5379.0
ELEKTRIK-ELEKTRONIK ESYA / BILGISAYAR,PESIN,2018-11-01,5658.0,5658.0,5658.0,5658.0,5658.0,5658.0
ELEKTRIK-ELEKTRONIK ESYA / BILGISAYAR,PESIN,2018-12-01,5574.0,5574.0,5574.0,5574.0,5574.0,5574.0
ELEKTRIK-ELEKTRONIK ESYA / BILGISAYAR,PESIN,2019-01-01,5470.0,5470.0,5470.0,5470.0,5470.0,5470.0
ELEKTRIK-ELEKTRONIK ESYA / BILGISAYAR,TAKSITLI,2017-11-01,2661.0,2661.0,2661.0,2661.0,2661.0,2661.0
ELEKTRIK-ELEKTRONIK ESYA / BILGISAYAR,TAKSITLI,2017-12-01,2588.0,2588.0,2588.0,2588.0,2588.0,2588.0
ELEKTRIK-ELEKTRONIK ESYA / BILGISAYAR,TAKSITLI,2018-01-01,2295.0,2295.0,2295.0,2295.0,2295.0,2295.0
ELEKTRIK-ELEKTRONIK ESYA / BILGISAYAR,TAKSITLI,2018-02-01,2033.0,2033.0,2033.0,2033.0,2033.0,2033.0
ELEKTRIK-ELEKTRONIK ESYA / BILGISAYAR,TAKSITLI,2018-03-01,2306.0,2306.0,2306.0,2306.0,2306.0,2306.0
ELEKTRIK-ELEKTRONIK ESYA / BILGISAYAR,TAKSITLI,2018-04-01,2132.0,2132.0,2132.0,2132.0,2132.0,2132.0
ELEKTRIK-ELEKTRONIK ESYA / BILGISAYAR,TAKSITLI,2018-05-01,2468.0,2468.0,2468.0,2468.0,2468.0,2468.0
ELEKTRIK-ELEKTRONIK ESYA / BILGISAYAR,TAKSITLI,2018-06-01,2138.0,2138.0,2138.0,2138.0,2138.0,2138.0
ELEKTRIK-ELEKTRONIK ESYA / BILGISAYAR,TAKSITLI,2018-07-01,2244.0,2244.0,2244.0,2244.0,2244.0,2244.0
ELEKTRIK-ELEKTRONIK ESYA / BILGISAYAR,TAKSITLI,2018-08-01,2154.0,2154.0,2154.0,2154.0,2154.0,2154.0
ELEKTRIK-ELEKTRONIK ESYA / BILGISAYAR,TAKSITLI,2018-09-01,2106.0,2106.0,2106.0,2106.0,2106.0,2106.0
ELEKTRIK-ELEKTRONIK ESYA / BILGISAYAR,TAKSITLI,2018-10-01,1921.0,1921.0,1921.0,1921.0,1921.0,1921.0
ELEKTRIK-ELEKTRONIK ESYA / BILGISAYAR,TAKSITLI,2018-11-01,2318.0,2318.0,2318.0,2318.0,2318.0,2318.0
ELEKTRIK-ELEKTRONIK ESYA / BILGISAYAR,TAKSITLI,2018-12-01,2178.0,2178.0,2178.0,2178.0,2178.0,2178.0
ELEKTRIK-ELEKTRONIK ESYA / BILGISAYAR,TAKSITLI,2019-01-01,1682.0,1682.0,1682.0,1682.0,1682.0,1682.0
GIYIM / AKSESUAR,PESIN,2017-11-01,11446.0,11446.0,11446.0,11446.0,11446.0,11446.0
GIYIM / AKSESUAR,PESIN,2017-12-01,11982.0,11982.0,11982.0,11982.0,11982.0,11982.0
GIYIM / AKSESUAR,PESIN,2018-01-01,11134.0,11134.0,11134.0,11134.0,11134.0,11134.0
GIYIM / AKSESUAR,PESIN,2018-02-01,10422.0,10422.0,10422.0,10422.0,10422.0,10422.0
GIYIM / AKSESUAR,PESIN,2018-03-01,11282.0,11282.0,11282.0,11282.0,11282.0,11282.0
GIYIM / AKSESUAR,PESIN,2018-04-01,11957.0,11957.0,11957.0,11957.0,11957.0,11957.0
GIYIM / AKSESUAR,PESIN,2018-05-01,11727.0,11727.0,11727.0,11727.0,11727.0,11727.0
GIYIM / AKSESUAR,PESIN,2018-06-01,12988.0,12988.0,12988.0,12988.0,12988.0,12988.0
GIYIM / AKSESUAR,PESIN,2018-07-01,11727.0,11727.0,11727.0,11727.0,11727.0,11727.0
GIYIM / AKSESUAR,PESIN,2018-08-01,11732.0,11732.0,11732.0,11732.0,11732.0,11732.0
GIYIM / AKSESUAR,PESIN,2018-09-01,11210.0,11210.0,11210.0,11210.0,11210.0,11210.0
GIYIM / AKSESUAR,PESIN,2018-10-01,11190.0,11190.0,11190.0,11190.0,11190.0,11190.0
GIYIM / AKSESUAR,PESIN,2018-11-01,11778.0,11778.0,11778.0,11778.0,11778.0,11778.0
GIYIM / AKSESUAR,PESIN,2018-12-01,11995.0,11995.0,11995.0,11995.0,11995.0,11995.0
GIYIM / AKSESUAR,PESIN,2019-01-01,10932.0,10932.0,10932.0,10932.0,10932.0,10932.0
GIYIM / AKSESUAR,TAKSITLI,2017-11-01,6257.0,6257.0,6257.0,6257.0,6257.0,6257.0
GIYIM / AKSESUAR,TAKSITLI,2017-12-01,6484.0,6484.0,6484.0,6484.0,6484.0,6484.0
GIYIM / AKSESUAR,TAKSITLI,2018-01-01,5946.0,5946.0,5946.0,5946.0,5946.0,5946.0
GIYIM / AKSESUAR,TAKSITLI,2018-02-01,5235.0,5235.0,5235.0,5235.0,5235.0,5235.0
GIYIM / AKSESUAR,TAKSITLI,2018-03-01,5713.0,5713.0,5713.0,5713.0,5713.0,5713.0
GIYIM / AKSESUAR,TAKSITLI,2018-04-01,5882.0,5882.0,5882.0,5882.0,5882.0,5882.0
GIYIM / AKSESUAR,TAKSITLI,2018-05-01,5613.0,5613.0,5613.0,5613.0,5613.0,5613.0
GIYIM / AKSESUAR,TAKSITLI,2018-06-01,6400.0,6400.0,6400.0,6400.0,6400.0,6400.0
GIYIM / AKSESUAR,TAKSITLI,2018-07-01,5404.0,5404.0,5404.0,5404.0,5404.0,5404.0
GIYIM / AKSESUAR,TAKSITLI,2018-08-01,5153.0,5153.0,5153.0,5153.0,5153.0,5153.0
GIYIM / AKSESUAR,TAKSITLI,2018-09-01,5127.0,5127.0,5127.0,5127.0,5127.0,5127.0
GIYIM / AKSESUAR,TAKSITLI,2018-10-01,5110.0,5110.0,5110.0,5110.0,5110.0,5110.0
GIYIM / AKSESUAR,TAKSITLI,2018-11-01,5673.0,5673.0,5673.0,5673.0,5673.0,5673.0
GIYIM / AKSESUAR,TAKSITLI,2018-12-01,5697.0,5697.0,5697.0,5697.0,5697.0,5697.0
GIYIM / AKSESUAR,TAKSITLI,2019-01-01,5070.0,5070.0,5070.0,5070.0,5070.0,5070.0
HAVAYOLLARI,PESIN,2017-11-01,965.0,965.0,965.0,965.0,965.0,965.0
HAVAYOLLARI,PESIN,2017-12-01,927.0,927.0,927.0,927.0,927.0,927.0
HAVAYOLLARI,PESIN,2018-01-01,895.0,895.0,895.0,895.0,895.0,895.0
HAVAYOLLARI,PESIN,2018-02-01,803.0,803.0,803.0,803.0,803.0,803.0
HAVAYOLLARI,PESIN,2018-03-01,989.0,989.0,989.0,989.0,989.0,989.0
HAVAYOLLARI,PESIN,2018-04-01,908.0,908.0,908.0,908.0,908.0,908.0
HAVAYOLLARI,PESIN,2018-05-01,884.0,884.0,884.0,884.0,884.0,884.0
HAVAYOLLARI,PESIN,2018-06-01,828.0,828.0,828.0,828.0,828.0,828.0
HAVAYOLLARI,PESIN,2018-07-01,877.0,877.0,877.0,877.0,877.0,877.0
HAVAYOLLARI,PESIN,2018-08-01,750.0,750.0,750.0,750.0,750.0,750.0
HAVAYOLLARI,PESIN,2018-09-01,827.0,827.0,827.0,827.0,827.0,827.0
HAVAYOLLARI,PESIN,2018-10-01,732.0,732.0,732.0,732.0,732.0,732.0
HAVAYOLLARI,PESIN,2018-11-01,684.0,684.0,684.0,684.0,684.0,684.0
HAVAYOLLARI,PESIN,2018-12-01,758.0,758.0,758.0,758.0,758.0,758.0
HAVAYOLLARI,PESIN,2019-01-01,855.0,855.0,855.0,855.0,855.0,855.0
HAVAYOLLARI,TAKSITLI,2017-11-01,698.0,698.0,698.0,698.0,698.0,698.0
HAVAYOLLARI,TAKSITLI,2017-12-01,772.0,772.0,772.0,772.0,772.0,772.0
HAVAYOLLARI,TAKSITLI,2018-01-01,738.0,738.0,738.0,738.0,738.0,738.0
HAVAYOLLARI,TAKSITLI,2018-02-01,654.0,654.0,654.0,654.0,654.0,654.0
HAVAYOLLARI,TAKSITLI,2018-03-01,742.0,742.0,742.0,742.0,742.0,742.0
HAVAYOLLARI,TAKSITLI,2018-04-01,768.0,768.0,768.0,768.0,768.0,768.0
HAVAYOLLARI,TAKSITLI,2018-05-01,788.0,788.0,788.0,788.0,788.0,788.0
HAVAYOLLARI,TAKSITLI,2018-06-01,732.0,732.0,732.0,732.0,732.0,732.0
HAVAYOLLARI,TAKSITLI,2018-07-01,827.0,827.0,827.0,827.0,827.0,827.0
HAVAYOLLARI,TAKSITLI,2018-08-01,705.0,705.0,705.0,705.0,705.0,705.0
HAVAYOLLARI,TAKSITLI,2018-09-01,685.0,685.0,685.0,685.0,685.0,685.0
HAVAYOLLARI,TAKSITLI,2018-10-01,599.0,599.0,599.0,599.0,599.0,599.0
HAVAYOLLARI,TAKSITLI,2018-11-01,571.0,571.0,571.0,571.0,571.0,571.0
HAVAYOLLARI,TAKSITLI,2018-12-01,633.0,633.0,633.0,633.0,633.0,633.0
HAVAYOLLARI,TAKSITLI,2019-01-01,705.0,705.0,705.0,705.0,705.0,705.0
HIZMET SEKTORLERI,PESIN,2017-11-01,4312.0,4312.0,4312.0,4312.0,4312.0,4312.0
HIZMET SEKTORLERI,PESIN,2017-12-01,4514.0,4514.0,4514.0,4514.0,4514.0,4514.0
HIZMET SEKTORLERI,PESIN,2018-01-01,4636.0,4636.0,4636.0,4636.0,4636.0,4636.0
HIZMET SEKTORLERI,PESIN,2018-02-01,4652.0,4652.0,4652.0,4652.0,4652.0,4652.0
HIZMET SEKTORLERI,PESIN,2018-03-01,4983.0,4983.0,4983.0,4983.0,4983.0,4983.0
HIZMET SEKTORLERI,PESIN,2018-04-01,4992.0,4992.0,4992.0,4992.0,4992.0,4992.0
HIZMET SEKTORLERI,PESIN,2018-05-01,5070.0,5070.0,5070.0,5070.0,5070.0,5070.0
HIZMET SEKTORLERI,PESIN,2018-06-01,4844.0,4844.0,4844.0,4844.0,4844.0,4844.0
HIZMET SEKTORLERI,PESIN,2018-07-01,4859.0,4859.0,4859.0,4859.0,4859.0,4859.0
HIZMET SEKTORLERI,PESIN,2018-08-01,4871.0,4871.0,4871.0,4871.0,4871.0,4871.0
HIZMET SEKTORLERI,PESIN,2018-09-01,5069.0,5069.0,5069.0,5069.0,5069.0,5069.0
HIZMET SEKTORLERI,PESIN,2018-10-01,5202.0,5202.0,5202.0,5202.0,5202.0,5202.0
HIZMET SEKTORLERI,PESIN,2018-11-01,5239.0,5239.0,5239.0,5239.0,5239.0,5239.0
HIZMET SEKTORLERI,PESIN,2018-12-01,5419.0,5419.0,5419.0,5419.0,5419.0,5419.0
HIZMET SEKTORLERI,PESIN,2019-01-01,5304.0,5304.0,5304.0,5304.0,5304.0,5304.0
HIZMET SEKTORLERI,TAKSITLI,2017-11-01,333.0,333.0,333.0,333.0,333.0,333.0
HIZMET SEKTORLERI,TAKSITLI,2017-12-01,291.0,291.0,291.0,291.0,291.0,291.0
HIZMET SEKTORLERI,TAKSITLI,2018-01-01,331.0,331.0,331.0,331.0,331.0,331.0
HIZMET SEKTORLERI,TAKSITLI,2018-02-01,391.0,391.0,391.0,391.0,391.0,391.0
HIZMET SEKTORLERI,TAKSITLI,2018-03-01,417.0,417.0,417.0,417.0,417.0,417.0
HIZMET SEKTORLERI,TAKSITLI,2018-04-01,451.0,451.0,451.0,451.0,451.0,451.0
HIZMET SEKTORLERI,TAKSITLI,2018-05-01,453.0,453.0,453.0,453.0,453.0,453.0
HIZMET SEKTORLERI,TAKSITLI,2018-06-01,450.0,450.0,450.0,450.0,450.0,450.0
HIZMET SEKTORLERI,TAKSITLI,2018-07-01,456.0,456.0,456.0,456.0,456.0,456.0
HIZMET SEKTORLERI,TAKSITLI,2018-08-01,426.0,426.0,426.0,426.0,426.0,426.0
HIZMET SEKTORLERI,TAKSITLI,2018-09-01,494.0,494.0,494.0,494.0,494.0,494.0
HIZMET SEKTORLERI,TAKSITLI,2018-10-01,507.0,507.0,507.0,507.0,507.0,507.0
HIZMET SEKTORLERI,TAKSITLI,2018-11-01,591.0,591.0,591.0,591.0,591.0,591.0
HIZMET SEKTORLERI,TAKSITLI,2018-12-01,607.0,607.0,607.0,607.0,607.0,607.0
HIZMET SEKTORLERI,TAKSITLI,2019-01-01,488.0,488.0,488.0,488.0,488.0,488.0
KITAP-DERGI / KIRTASIYE / OFIS MALZEMELERI,PESIN,2017-11-01,4895.0,4895.0,4895.0,4895.0,4895.0,4895.0
KITAP-DERGI / KIRTASIYE / OFIS MALZEMELERI,PESIN,2017-12-01,5437.0,5437.0,5437.0,5437.0,5437.0,5437.0
KITAP-DERGI / KIRTASIYE / OFIS MALZEMELERI,PESIN,2018-01-01,4800.0,4800.0,4800.0,4800.0,4800.0,4800.0
KITAP-DERGI / KIRTASIYE / OFIS MALZEMELERI,PESIN,2018-02-01,4648.0,4648.0,4648.0,4648.0,4648.0,4648.0
KITAP-DERGI / KIRTASIYE / OFIS MALZEMELERI,PESIN,2018-03-01,4948.0,4948.0,4948.0,4948.0,4948.0,4948.0
KITAP-DERGI / KIRTASIYE / OFIS MALZEMELERI,PESIN,2018-04-01,4522.0,4522.0,4522.0,4522.0,4522.0,4522.0
KITAP-DERGI / KIRTASIYE / OFIS MALZEMELERI,PESIN,2018-05-01,4176.0,4176.0,4176.0,4176.0,4176.0,4176.0
KITAP-DERGI / KIRTASIYE / OFIS MALZEMELERI,PESIN,2018-06-01,3903.0,3903.0,3903.0,3903.0,3903.0,3903.0
KITAP-DERGI / KIRTASIYE / OFIS MALZEMELERI,PESIN,2018-07-01,3912.0,3912.0,3912.0,3912.0,3912.0,3912.0
KITAP-DERGI / KIRTASIYE / OFIS MALZEMELERI,PESIN,2018-08-01,3770.0,3770.0,3770.0,3770.0,3770.0,3770.0
KITAP-DERGI / KIRTASIYE / OFIS MALZEMELERI,PESIN,2018-09-01,6036.0,6036.0,6036.0,6036.0,6036.0,6036.0
KITAP-DERGI / KIRTASIYE / OFIS MALZEMELERI,PESIN,2018-10-01,5777.0,5777.0,5777.0,5777.0,5777.0,5777.0
KITAP-DERGI / KIRTASIYE / OFIS MALZEMELERI,PESIN,2018-11-01,5186.0,5186.0,5186.0,5186.0,5186.0,5186.0
KITAP-DERGI / KIRTASIYE / OFIS MALZEMELERI,PESIN,2018-12-01,5760.0,5760.0,5760.0,5760.0,5760.0,5760.0
KITAP-DERGI / KIRTASIYE / OFIS MALZEMELERI,PESIN,2019-01-01,4899.0,4899.0,4899.0,4899.0,4899.0,4899.0
KITAP-DERGI / KIRTASIYE / OFIS MALZEMELERI,TAKSITLI,2017-11-01,641.0,641.0,641.0,641.0,641.0,641.0
KITAP-DERGI / KIRTASIYE / OFIS MALZEMELERI,TAKSITLI,2017-12-01,829.0,829.0,829.0,829.0,829.0,829.0
KITAP-DERGI / KIRTASIYE / OFIS MALZEMELERI,TAKSITLI,2018-01-01,742.0,742.0,742.0,742.0,742.0,742.0
KITAP-DERGI / KIRTASIYE / OFIS MALZEMELERI,TAKSITLI,2018-02-01,662.0,662.0,662.0,662.0,662.0,662.0
KITAP-DERGI / KIRTASIYE / OFIS MALZEMELERI,TAKSITLI,2018-03-01,617.0,617.0,617.0,617.0,617.0,617.0
KITAP-DERGI / KIRTASIYE / OFIS MALZEMELERI,TAKSITLI,2018-04-01,538.0,538.0,538.0,538.0,538.0,538.0
KITAP-DERGI / KIRTASIYE / OFIS MALZEMELERI,TAKSITLI,2018-05-01,518.0,518.0,518.0,518.0,518.0,518.0
KITAP-DERGI / KIRTASIYE / OFIS MALZEMELERI,TAKSITLI,2018-06-01,534.0,534.0,534.0,534.0,534.0,534.0
KITAP-DERGI / KIRTASIYE / OFIS MALZEMELERI,TAKSITLI,2018-07-01,500.0,500.0,500.0,500.0,500.0,500.0
KITAP-DERGI / KIRTASIYE / OFIS MALZEMELERI,TAKSITLI,2018-08-01,507.0,507.0,507.0,507.0,507.0,507.0
KITAP-DERGI / KIRTASIYE / OFIS MALZEMELERI,TAKSITLI,2018-09-01,801.0,801.0,801.0,801.0,801.0,801.0
KITAP-DERGI / KIRTASIYE / OFIS MALZEMELERI,TAKSITLI,2018-10-01,616.0,616.0,616.0,616.0,616.0,616.0
KITAP-DERGI / KIRTASIYE / OFIS MALZEMELERI,TAKSITLI,2018-11-01,580.0,580.0,580.0,580.0,580.0,580.0
KITAP-DERGI / KIRTASIYE / OFIS MALZEMELERI,TAKSITLI,2018-12-01,831.0,831.0,831.0,831.0,831.0,831.0
KITAP-DERGI / KIRTASIYE / OFIS MALZEMELERI,TAKSITLI,2019-01-01,707.0,707.0,707.0,707.0,707.0,707.0
KOZMETIK / GUZELLIK,PESIN,2017-11-01,4883.0,4883.0,4883.0,4883.0,4883.0,4883.0
KOZMETIK / GUZELLIK,PESIN,2017-12-01,5338.0,5338.0,5338.0,5338.0,5338.0,5338.0
KOZMETIK / GUZELLIK,PESIN,2018-01-01,4590.0,4590.0,4590.0,4590.0,4590.0,4590.0
KOZMETIK / GUZELLIK,PESIN,2018-02-01,4819.0,4819.0,4819.0,4819.0,4819.0,4819.0
KOZMETIK / GUZELLIK,PESIN,2018-03-01,5271.0,5271.0,5271.0,5271.0,5271.0,5271.0
KOZMETIK / GUZELLIK,PESIN,2018-04-01,5152.0,5152.0,5152.0,5152.0,5152.0,5152.0
KOZMETIK / GUZELLIK,PESIN,2018-05-01,5290.0,5290.0,5290.0,5290.0,5290.0,5290.0
KOZMETIK / GUZELLIK,PESIN,2018-06-01,5565.0,5565.0,5565.0,5565.0,5565.0,5565.0
KOZMETIK / GUZELLIK,PESIN,2018-07-01,5386.0,5386.0,5386.0,5386.0,5386.0,5386.0
KOZMETIK / GUZELLIK,PESIN,2018-08-01,5591.0,5591.0,5591.0,5591.0,5591.0,5591.0
KOZMETIK / GUZELLIK,PESIN,2018-09-01,5122.0,5122.0,5122.0,5122.0,5122.0,5122.0
KOZMETIK / GUZELLIK,PESIN,2018-10-01,5271.0,5271.0,5271.0,5271.0,5271.0,5271.0
KOZMETIK / GUZELLIK,PESIN,2018-11-01,5063.0,5063.0,5063.0,5063.0,5063.0,5063.0
KOZMETIK / GUZELLIK,PESIN,2018-12-01,5507.0,5507.0,5507.0,5507.0,5507.0,5507.0
KOZMETIK / GUZELLIK,PESIN,2019-01-01,5005.0,5005.0,5005.0,5005.0,5005.0,5005.0
KOZMETIK / GUZELLIK,TAKSITLI,2017-11-01,23.0,23.0,23.0,23.0,23.0,23.0
KOZMETIK / GUZELLIK,TAKSITLI,2017-12-01,31.0,31.0,31.0,31.0,31.0,31.0
KOZMETIK / GUZELLIK,TAKSITLI,2018-01-01,26.0,26.0,26.0,26.0,26.0,26.0
KOZMETIK / GUZELLIK,TAKSITLI,2018-02-01,24.0,24.0,24.0,24.0,24.0,24.0
KOZMETIK / GUZELLIK,TAKSITLI,2018-03-01,29.0,29.0,29.0,29.0,29.0,29.0
KOZMETIK / GUZELLIK,TAKSITLI,2018-04-01,23.0,23.0,23.0,23.0,23.0,23.0
KOZMETIK / GUZELLIK,TAKSITLI,2018-05-01,17.0,17.0,17.0,17.0,17.0,17.0
KOZMETIK / GUZELLIK,TAKSITLI,2018-06-01,17.0,17.0,17.0,17.0,17.0,17.0
KOZMETIK / GUZELLIK,TAKSITLI,2018-07-01,12.0,12.0,12.0,12.0,12.0,12.0
KOZMETIK / GUZELLIK,TAKSITLI,2018-08-01,26.0,26.0,26.0,26.0,26.0,26.0
KOZMETIK / GUZELLIK,TAKSITLI,2018-09-01,11.0,11.0,11.0,11.0,11.0,11.0
KOZMETIK / GUZELLIK,TAKSITLI,2018-10-01,10.0,10.0,10.0,10.0,10.0,10.0
KOZMETIK / GUZELLIK,TAKSITLI,2018-11-01,18.0,18.0,18.0,18.0,18.0,18.0
KOZMETIK / GUZELLIK,TAKSITLI,2018-12-01,24.0,24.0,24.0,24.0,24.0,24.0
KOZMETIK / GUZELLIK,TAKSITLI,2019-01-01,17.0,17.0,17.0,17.0,17.0,17.0
KULUP / DERNEK / SOSYAL HIZMETLER,PESIN,2017-11-01,951.0,951.0,951.0,951.0,951.0,951.0
KULUP / DERNEK / SOSYAL HIZMETLER,PESIN,2017-12-01,936.0,936.0,936.0,936.0,936.0,936.0
KULUP / DERNEK / SOSYAL HIZMETLER,PESIN,2018-01-01,998.0,998.0,998.0,998.0,998.0,998.0
KULUP / DERNEK / SOSYAL HIZMETLER,PESIN,2018-02-01,1005.0,1005.0,1005.0,1005.0,1005.0,1005.0
KULUP / DERNEK / SOSYAL HIZMETLER,PESIN,2018-03-01,1031.0,1031.0,1031.0,1031.0,1031.0,1031.0
KULUP / DERNEK / SOSYAL HIZMETLER,PESIN,2018-04-01,1052.0,1052.0,1052.0,1052.0,1052.0,1052.0
KULUP / DERNEK / SOSYAL HIZMETLER,PESIN,2018-05-01,1017.0,1017.0,1017.0,1017.0,1017.0,1017.0
KULUP / DERNEK / SOSYAL HIZMETLER,PESIN,2018-06-01,1061.0,1061.0,1061.0,1061.0,1061.0,1061.0
KULUP / DERNEK / SOSYAL HIZMETLER,PESIN,2018-07-01,975.0,975.0,975.0,975.0,975.0,975.0
KULUP / DERNEK / SOSYAL HIZMETLER,PESIN,2018-08-01,951.0,951.0,951.0,951.0,951.0,951.0
KULUP / DERNEK / SOSYAL HIZMETLER,PESIN,2018-09-01,709.0,709.0,709.0,709.0,709.0,709.0
KULUP / DERNEK / SOSYAL HIZMETLER,PESIN,2018-10-01,820.0,820.0,820.0,820.0,820.0,820.0
KULUP / DERNEK / SOSYAL HIZMETLER,PESIN,2018-11-01,860.0,860.0,860.0,860.0,860.0,860.0
KULUP / DERNEK / SOSYAL HIZMETLER,PESIN,2018-12-01,828.0,828.0,828.0,828.0,828.0,828.0
KULUP / DERNEK / SOSYAL HIZMETLER,PESIN,2019-01-01,817.0,817.0,817.0,817.0,817.0,817.0
KULUP / DERNEK / SOSYAL HIZMETLER,TAKSITLI,2017-11-01,70.0,70.0,70.0,70.0,70.0,70.0
KULUP / DERNEK / SOSYAL HIZMETLER,TAKSITLI,2017-12-01,67.0,67.0,67.0,67.0,67.0,67.0
KULUP / DERNEK / SOSYAL HIZMETLER,TAKSITLI,2018-01-01,115.0,115.0,115.0,115.0,115.0,115.0
KULUP / DERNEK / SOSYAL HIZMETLER,TAKSITLI,2018-02-01,56.0,56.0,56.0,56.0,56.0,56.0
KULUP / DERNEK / SOSYAL HIZMETLER,TAKSITLI,2018-03-01,63.0,63.0,63.0,63.0,63.0,63.0
KULUP / DERNEK / SOSYAL HIZMETLER,TAKSITLI,2018-04-01,56.0,56.0,56.0,56.0,56.0,56.0
KULUP / DERNEK / SOSYAL HIZMETLER,TAKSITLI,2018-05-01,42.0,42.0,42.0,42.0,42.0,42.0
KULUP / DERNEK / SOSYAL HIZMETLER,TAKSITLI,2018-06-01,46.0,46.0,46.0,46.0,46.0,46.0
KULUP / DERNEK / SOSYAL HIZMETLER,TAKSITLI,2018-07-01,67.0,67.0,67.0,67.0,67.0,67.0
KULUP / DERNEK / SOSYAL HIZMETLER,TAKSITLI,2018-08-01,143.0,143.0,143.0,143.0,143.0,143.0
KULUP / DERNEK / SOSYAL HIZMETLER,TAKSITLI,2018-09-01,47.0,47.0,47.0,47.0,47.0,47.0
KULUP / DERNEK / SOSYAL HIZMETLER,TAKSITLI,2018-10-01,39.0,39.0,39.0,39.0,39.0,39.0
KULUP / DERNEK / SOSYAL HIZMETLER,TAKSITLI,2018-11-01,40.0,40.0,40.0,40.0,40.0,40.0
KULUP / DERNEK / SOSYAL HIZMETLER,TAKSITLI,2018-12-01,70.0,70.0,70.0,70.0,70.0,70.0
KULUP / DERNEK / SOSYAL HIZMETLER,TAKSITLI,2019-01-01,70.0,70.0,70.0,70.0,70.0,70.0
KUYUMCULAR,PESIN,2017-11-01,695.0,695.0,695.0,695.0,695.0,695.0
KUYUMCULAR,PESIN,2017-12-01,691.0,691.0,691.0,691.0,691.0,691.0
KUYUMCULAR,PESIN,2018-01-01,656.0,656.0,656.0,656.0,656.0,656.0
KUYUMCULAR,PESIN,2018-02-01,698.0,698.0,698.0,698.0,698.0,698.0
KUYUMCULAR,PESIN,2018-03-01,673.0,673.0,673.0,673.0,673.0,673.0
KUYUMCULAR,PESIN,2018-04-01,854.0,854.0,854.0,854.0,854.0,854.0
KUYUMCULAR,PESIN,2018-05-01,879.0,879.0,879.0,879.0,879.0,879.0
KUYUMCULAR,PESIN,2018-06-01,761.0,761.0,761.0,761.0,761.0,761.0
KUYUMCULAR,PESIN,2018-07-01,953.0,953.0,953.0,953.0,953.0,953.0
KUYUMCULAR,PESIN,2018-08-01,742.0,742.0,742.0,742.0,742.0,742.0
KUYUMCULAR,PESIN,2018-09-01,776.0,776.0,776.0,776.0,776.0,776.0
KUYUMCULAR,PESIN,2018-10-01,711.0,711.0,711.0,711.0,711.0,711.0
KUYUMCULAR,PESIN,2018-11-01,673.0,673.0,673.0,673.0,673.0,673.0
KUYUMCULAR,PESIN,2018-12-01,710.0,710.0,710.0,710.0,710.0,710.0
KUYUMCULAR,PESIN,2019-01-01,592.0,592.0,592.0,592.0,592.0,592.0
KUYUMCULAR,TAKSITLI,2017-11-01,101.0,101.0,101.0,101.0,101.0,101.0
KUYUMCULAR,TAKSITLI,2017-12-01,158.0,158.0,158.0,158.0,158.0,158.0
KUYUMCULAR,TAKSITLI,2018-01-01,94.0,94.0,94.0,94.0,94.0,94.0
KUYUMCULAR,TAKSITLI,2018-02-01,167.0,167.0,167.0,167.0,167.0,167.0
KUYUMCULAR,TAKSITLI,2018-03-01,108.0,108.0,108.0,108.0,108.0,108.0
KUYUMCULAR,TAKSITLI,2018-04-01,125.0,125.0,125.0,125.0,125.0,125.0
KUYUMCULAR,TAKSITLI,2018-05-01,141.0,141.0,141.0,141.0,141.0,141.0
KUYUMCULAR,TAKSITLI,2018-06-01,108.0,108.0,108.0,108.0,108.0,108.0
KUYUMCULAR,TAKSITLI,2018-07-01,103.0,103.0,103.0,103.0,103.0,103.0
KUYUMCULAR,TAKSITLI,2018-08-01,50.0,50.0,50.0,50.0,50.0,50.0
KUYUMCULAR,TAKSITLI,2018-09-01,13.0,13.0,13.0,13.0,13.0,13.0
KUYUMCULAR,TAKSITLI,2018-10-01,7.0,7.0,7.0,7.0,7.0,7.0
KUYUMCULAR,TAKSITLI,2018-11-01,14.0,14.0,14.0,14.0,14.0,14.0
KUYUMCULAR,TAKSITLI,2018-12-01,26.0,26.0,26.0,26.0,26.0,26.0
KUYUMCULAR,TAKSITLI,2019-01-01,15.0,15.0,15.0,15.0,15.0,15.0
MARKET / ALISVERIS MERKEZLERI,PESIN,2017-11-01,20588.0,20588.0,20588.0,20588.0,20588.0,20588.0
MARKET / ALISVERIS MERKEZLERI,PESIN,2017-12-01,21117.0,21117.0,21117.0,21117.0,21117.0,21117.0
MARKET / ALISVERIS MERKEZLERI,PESIN,2018-01-01,20856.0,20856.0,20856.0,20856.0,20856.0,20856.0
MARKET / ALISVERIS MERKEZLERI,PESIN,2018-02-01,20664.0,20664.0,20664.0,20664.0,20664.0,20664.0
MARKET / ALISVERIS MERKEZLERI,PESIN,2018-03-01,21132.0,21132.0,21132.0,21132.0,21132.0,21132.0
MARKET / ALISVERIS MERKEZLERI,PESIN,2018-04-01,21073.0,21073.0,21073.0,21073.0,21073.0,21073.0
MARKET / ALISVERIS MERKEZLERI,PESIN,2018-05-01,21253.0,21253.0,21253.0,21253.0,21253.0,21253.0
MARKET / ALISVERIS MERKEZLERI,PESIN,2018-06-01,20984.0,20984.0,20984.0,20984.0,20984.0,20984.0
MARKET / ALISVERIS MERKEZLERI,PESIN,2018-07-01,21052.0,21052.0,21052.0,21052.0,21052.0,21052.0
MARKET / ALISVERIS MERKEZLERI,PESIN,2018-08-01,20893.0,20893.0,20893.0,20893.0,20893.0,20893.0
MARKET / ALISVERIS MERKEZLERI,PESIN,2018-09-01,21253.0,21253.0,21253.0,21253.0,21253.0,21253.0
MARKET / ALISVERIS MERKEZLERI,PESIN,2018-10-01,21159.0,21159.0,21159.0,21159.0,21159.0,21159.0
MARKET / ALISVERIS MERKEZLERI,PESIN,2018-11-01,21028.0,21028.0,21028.0,21028.0,21028.0,21028.0
MARKET / ALISVERIS MERKEZLERI,PESIN,2018-12-01,21605.0,21605.0,21605.0,21605.0,21605.0,21605.0
MARKET / ALISVERIS MERKEZLERI,PESIN,2019-01-01,21078.0,21078.0,21078.0,21078.0,21078.0,21078.0
MARKET / ALISVERIS MERKEZLERI,TAKSITLI,2017-11-01,739.0,739.0,739.0,739.0,739.0,739.0
MARKET / ALISVERIS MERKEZLERI,TAKSITLI,2017-12-01,829.0,829.0,829.0,829.0,829.0,829.0
MARKET / ALISVERIS MERKEZLERI,TAKSITLI,2018-01-01,724.0,724.0,724.0,724.0,724.0,724.0
MARKET / ALISVERIS MERKEZLERI,TAKSITLI,2018-02-01,745.0,745.0,745.0,745.0,745.0,745.0
MARKET / ALISVERIS MERKEZLERI,TAKSITLI,2018-03-01,689.0,689.0,689.0,689.0,689.0,689.0
MARKET / ALISVERIS MERKEZLERI,TAKSITLI,2018-04-01,755.0,755.0,755.0,755.0,755.0,755.0
MARKET / ALISVERIS MERKEZLERI,TAKSITLI,2018-05-01,827.0,827.0,827.0,827.0,827.0,827.0
MARKET / ALISVERIS MERKEZLERI,TAKSITLI,2018-06-01,919.0,919.0,919.0,919.0,919.0,919.0
MARKET / ALISVERIS MERKEZLERI,TAKSITLI,2018-07-01,845.0,845.0,845.0,845.0,845.0,845.0
MARKET / ALISVERIS MERKEZLERI,TAKSITLI,2018-08-01,842.0,842.0,842.0,842.0,842.0,842.0
MARKET / ALISVERIS MERKEZLERI,TAKSITLI,2018-09-01,700.0,700.0,700.0,700.0,700.0,700.0
MARKET / ALISVERIS MERKEZLERI,TAKSITLI,2018-10-01,531.0,531.0,531.0,531.0,531.0,531.0
MARKET / ALISVERIS MERKEZLERI,TAKSITLI,2018-11-01,696.0,696.0,696.0,696.0,696.0,696.0
MARKET / ALISVERIS MERKEZLERI,TAKSITLI,2018-12-01,782.0,782.0,782.0,782.0,782.0,782.0
MARKET / ALISVERIS MERKEZLERI,TAKSITLI,2019-01-01,639.0,639.0,639.0,639.0,639.0,639.0
MOBILYA / DEKORASYON,PESIN,2017-11-01,4112.0,4112.0,4112.0,4112.0,4112.0,4112.0
MOBILYA / DEKORASYON,PESIN,2017-12-01,4566.0,4566.0,4566.0,4566.0,4566.0,4566.0
MOBILYA / DEKORASYON,PESIN,2018-01-01,4041.0,4041.0,4041.0,4041.0,4041.0,4041.0
MOBILYA / DEKORASYON,PESIN,2018-02-01,3758.0,3758.0,3758.0,3758.0,3758.0,3758.0
MOBILYA / DEKORASYON,PESIN,2018-03-01,4017.0,4017.0,4017.0,4017.0,4017.0,4017.0
MOBILYA / DEKORASYON,PESIN,2018-04-01,3950.0,3950.0,3950.0,3950.0,3950.0,3950.0
MOBILYA / DEKORASYON,PESIN,2018-05-01,4084.0,4084.0,4084.0,4084.0,4084.0,4084.0
MOBILYA / DEKORASYON,PESIN,2018-06-01,3786.0,3786.0,3786.0,3786.0,3786.0,3786.0
MOBILYA / DEKORASYON,PESIN,2018-07-01,3818.0,3818.0,3818.0,3818.0,3818.0,3818.0
MOBILYA / DEKORASYON,PESIN,2018-08-01,3704.0,3704.0,3704.0,3704.0,3704.0,3704.0
MOBILYA / DEKORASYON,PESIN,2018-09-01,3812.0,3812.0,3812.0,3812.0,3812.0,3812.0
MOBILYA / DEKORASYON,PESIN,2018-10-01,3718.0,3718.0,3718.0,3718.0,3718.0,3718.0
MOBILYA / DEKORASYON,PESIN,2018-11-01,3799.0,3799.0,3799.0,3799.0,3799.0,3799.0
MOBILYA / DEKORASYON,PESIN,2018-12-01,4125.0,4125.0,4125.0,4125.0,4125.0,4125.0
MOBILYA / DEKORASYON,PESIN,2019-01-01,3469.0,3469.0,3469.0,3469.0,3469.0,3469.0
MOBILYA / DEKORASYON,TAKSITLI,2017-11-01,1245.0,1245.0,1245.0,1245.0,1245.0,1245.0
MOBILYA / DEKORASYON,TAKSITLI,2017-12-01,1427.0,1427.0,1427.0,1427.0,1427.0,1427.0
MOBILYA / DEKORASYON,TAKSITLI,2018-01-01,1116.0,1116.0,1116.0,1116.0,1116.0,1116.0
MOBILYA / DEKORASYON,TAKSITLI,2018-02-01,1049.0,1049.0,1049.0,1049.0,1049.0,1049.0
MOBILYA / DEKORASYON,TAKSITLI,2018-03-01,1147.0,1147.0,1147.0,1147.0,1147.0,1147.0
MOBILYA / DEKORASYON,TAKSITLI,2018-04-01,1029.0,1029.0,1029.0,1029.0,1029.0,1029.0
MOBILYA / DEKORASYON,TAKSITLI,2018-05-01,1161.0,1161.0,1161.0,1161.0,1161.0,1161.0
MOBILYA / DEKORASYON,TAKSITLI,2018-06-01,969.0,969.0,969.0,969.0,969.0,969.0
MOBILYA / DEKORASYON,TAKSITLI,2018-07-01,1003.0,1003.0,1003.0,1003.0,1003.0,1003.0
MOBILYA / DEKORASYON,TAKSITLI,2018-08-01,885.0,885.0,885.0,885.0,885.0,885.0
MOBILYA / DEKORASYON,TAKSITLI,2018-09-01,975.0,975.0,975.0,975.0,975.0,975.0
MOBILYA / DEKORASYON,TAKSITLI,2018-10-01,912.0,912.0,912.0,912.0,912.0,912.0
MOBILYA / DEKORASYON,TAKSITLI,2018-11-01,916.0,916.0,916.0,916.0,916.0,916.0
MOBILYA / DEKORASYON,TAKSITLI,2018-12-01,964.0,964.0,964.0,964.0,964.0,964.0
MOBILYA / DEKORASYON,TAKSITLI,2019-01-01,769.0,769.0,769.0,769.0,769.0,769.0
MUTEAHHIT ISLERI,PESIN,2017-11-01,523.0,523.0,523.0,523.0,523.0,523.0
MUTEAHHIT ISLERI,PESIN,2017-12-01,514.0,514.0,514.0,514.0,514.0,514.0
MUTEAHHIT ISLERI,PESIN,2018-01-01,490.0,490.0,490.0,490.0,490.0,490.0
MUTEAHHIT ISLERI,PESIN,2018-02-01,456.0,456.0,456.0,456.0,456.0,456.0
MUTEAHHIT ISLERI,PESIN,2018-03-01,547.0,547.0,547.0,547.0,547.0,547.0
MUTEAHHIT ISLERI,PESIN,2018-04-01,553.0,553.0,553.0,553.0,553.0,553.0
MUTEAHHIT ISLERI,PESIN,2018-05-01,566.0,566.0,566.0,566.0,566.0,566.0
MUTEAHHIT ISLERI,PESIN,2018-06-01,536.0,536.0,536.0,536.0,536.0,536.0
MUTEAHHIT ISLERI,PESIN,2018-07-01,539.0,539.0,539.0,539.0,539.0,539.0
MUTEAHHIT ISLERI,PESIN,2018-08-01,546.0,546.0,546.0,546.0,546.0,546.0
MUTEAHHIT ISLERI,PESIN,2018-09-01,543.0,543.0,543.0,543.0,543.0,543.0
MUTEAHHIT ISLERI,PESIN,2018-10-01,564.0,564.0,564.0,564.0,564.0,564.0
MUTEAHHIT ISLERI,PESIN,2018-11-01,544.0,544.0,544.0,544.0,544.0,544.0
MUTEAHHIT ISLERI,PESIN,2018-12-01,546.0,546.0,546.0,546.0,546.0,546.0
MUTEAHHIT ISLERI,PESIN,2019-01-01,553.0,553.0,553.0,553.0,553.0,553.0
MUTEAHHIT ISLERI,TAKSITLI,2017-11-01,115.0,115.0,115.0,115.0,115.0,115.0
MUTEAHHIT ISLERI,TAKSITLI,2017-12-01,97.0,97.0,97.0,97.0,97.0,97.0
MUTEAHHIT ISLERI,TAKSITLI,2018-01-01,89.0,89.0,89.0,89.0,89.0,89.0
MUTEAHHIT ISLERI,TAKSITLI,2018-02-01,86.0,86.0,86.0,86.0,86.0,86.0
MUTEAHHIT ISLERI,TAKSITLI,2018-03-01,94.0,94.0,94.0,94.0,94.0,94.0
MUTEAHHIT ISLERI,TAKSITLI,2018-04-01,83.0,83.0,83.0,83.0,83.0,83.0
MUTEAHHIT ISLERI,TAKSITLI,2018-05-01,85.0,85.0,85.0,85.0,85.0,85.0
MUTEAHHIT ISLERI,TAKSITLI,2018-06-01,74.0,74.0,74.0,74.0,74.0,74.0
MUTEAHHIT ISLERI,TAKSITLI,2018-07-01,91.0,91.0,91.0,91.0,91.0,91.0
MUTEAHHIT ISLERI,TAKSITLI,2018-08-01,100.0,100.0,100.0,100.0,100.0,100.0
MUTEAHHIT ISLERI,TAKSITLI,2018-09-01,92.0,92.0,92.0,92.0,92.0,92.0
MUTEAHHIT ISLERI,TAKSITLI,2018-10-01,98.0,98.0,98.0,98.0,98.0,98.0
MUTEAHHIT ISLERI,TAKSITLI,2018-11-01,88.0,88.0,88.0,88.0,88.0,88.0
MUTEAHHIT ISLERI,TAKSITLI,2018-12-01,75.0,75.0,75.0,75.0,75.0,75.0
MUTEAHHIT ISLERI,TAKSITLI,2019-01-01,75.0,75.0,75.0,75.0,75.0,75.0
RESTORAN / CATERING,PESIN,2017-11-01,12901.0,12901.0,12901.0,12901.0,12901.0,12901.0
RESTORAN / CATERING,PESIN,2017-12-01,13421.0,13421.0,13421.0,13421.0,13421.0,13421.0
RESTORAN / CATERING,PESIN,2018-01-01,13616.0,13616.0,13616.0,13616.0,13616.0,13616.0
RESTORAN / CATERING,PESIN,2018-02-01,13111.0,13111.0,13111.0,13111.0,13111.0,13111.0
RESTORAN / CATERING,PESIN,2018-03-01,13920.0,13920.0,13920.0,13920.0,13920.0,13920.0
RESTORAN / CATERING,PESIN,2018-04-01,14194.0,14194.0,14194.0,14194.0,14194.0,14194.0
RESTORAN / CATERING,PESIN,2018-05-01,13264.0,13264.0,13264.0,13264.0,13264.0,13264.0
RESTORAN / CATERING,PESIN,2018-06-01,13597.0,13597.0,13597.0,13597.0,13597.0,13597.0
RESTORAN / CATERING,PESIN,2018-07-01,14429.0,14429.0,14429.0,14429.0,14429.0,14429.0
RESTORAN / CATERING,PESIN,2018-08-01,13933.0,13933.0,13933.0,13933.0,13933.0,13933.0
RESTORAN / CATERING,PESIN,2018-09-01,13686.0,13686.0,13686.0,13686.0,13686.0,13686.0
RESTORAN / CATERING,PESIN,2018-10-01,13723.0,13723.0,13723.0,13723.0,13723.0,13723.0
RESTORAN / CATERING,PESIN,2018-11-01,13569.0,13569.0,13569.0,13569.0,13569.0,13569.0
RESTORAN / CATERING,PESIN,2018-12-01,13760.0,13760.0,13760.0,13760.0,13760.0,13760.0
RESTORAN / CATERING,PESIN,2019-01-01,13905.0,13905.0,13905.0,13905.0,13905.0,13905.0
RESTORAN / CATERING,TAKSITLI,2017-11-01,4.0,4.0,4.0,4.0,4.0,4.0
RESTORAN / CATERING,TAKSITLI,2017-12-01,,,,,,
RESTORAN / CATERING,TAKSITLI,2018-01-01,1.0,1.0,1.0,1.0,1.0,1.0
RESTORAN / CATERING,TAKSITLI,2018-02-01,,,,,,
RESTORAN / CATERING,TAKSITLI,2018-03-01,1.0,1.0,1.0,1.0,1.0,1.0
RESTORAN / CATERING,TAKSITLI,2018-04-01,,,,,,
RESTORAN / CATERING,TAKSITLI,2018-05-01,,,,,,
RESTORAN / CATERING,TAKSITLI,2018-06-01,5.0,5.0,5.0,5.0,5.0,5.0
RESTORAN / CATERING,TAKSITLI,2018-07-01,,,,,,
RESTORAN / CATERING,TAKSITLI,2018-08-01,1.0,1.0,1.0,1.0,1.0,1.0
RESTORAN / CATERING,TAKSITLI,2018-09-01,24.0,24.0,24.0,24.0,24.0,24.0
RESTORAN / CATERING,TAKSITLI,2018-10-01,1.0,1.0,1.0,1.0,1.0,1.0
RESTORAN / CATERING,TAKSITLI,2018-11-01,,,,,,
RESTORAN / CATERING,TAKSITLI,2018-12-01,,,,,,
RESTORAN / CATERING,TAKSITLI,2019-01-01,,,,,,
SAGLIK URUNLERI SATISI,PESIN,2017-11-01,5568.0,5568.0,5568.0,5568.0,5568.0,5568.0
SAGLIK URUNLERI SATISI,PESIN,2017-12-01,5743.0,5743.0,5743.0,5743.0,5743.0,5743.0
SAGLIK URUNLERI SATISI,PESIN,2018-01-01,5958.0,5958.0,5958.0,5958.0,5958.0,5958.0
SAGLIK URUNLERI SATISI,PESIN,2018-02-01,5537.0,5537.0,5537.0,5537.0,5537.0,5537.0
SAGLIK URUNLERI SATISI,PESIN,2018-03-01,6223.0,6223.0,6223.0,6223.0,6223.0,6223.0
SAGLIK URUNLERI SATISI,PESIN,2018-04-01,5765.0,5765.0,5765.0,5765.0,5765.0,5765.0
SAGLIK URUNLERI SATISI,PESIN,2018-05-01,5860.0,5860.0,5860.0,5860.0,5860.0,5860.0
SAGLIK URUNLERI SATISI,PESIN,2018-06-01,5492.0,5492.0,5492.0,5492.0,5492.0,5492.0
SAGLIK URUNLERI SATISI,PESIN,2018-07-01,5746.0,5746.0,5746.0,5746.0,5746.0,5746.0
SAGLIK URUNLERI SATISI,PESIN,2018-08-01,5389.0,5389.0,5389.0,5389.0,5389.0,5389.0
SAGLIK URUNLERI SATISI,PESIN,2018-09-01,5575.0,5575.0,5575.0,5575.0,5575.0,5575.0
SAGLIK URUNLERI SATISI,PESIN,2018-10-01,6214.0,6214.0,6214.0,6214.0,6214.0,6214.0
SAGLIK URUNLERI SATISI,PESIN,2018-11-01,5959.0,5959.0,5959.0,5959.0,5959.0,5959.0
SAGLIK URUNLERI SATISI,PESIN,2018-12-01,6290.0,6290.0,6290.0,6290.0,6290.0,6290.0
SAGLIK URUNLERI SATISI,PESIN,2019-01-01,6734.0,6734.0,6734.0,6734.0,6734.0,6734.0
SAGLIK URUNLERI SATISI,TAKSITLI,2017-11-01,314.0,314.0,314.0,314.0,314.0,314.0
SAGLIK URUNLERI SATISI,TAKSITLI,2017-12-01,360.0,360.0,360.0,360.0,360.0,360.0
SAGLIK URUNLERI SATISI,TAKSITLI,2018-01-01,367.0,367.0,367.0,367.0,367.0,367.0
SAGLIK URUNLERI SATISI,TAKSITLI,2018-02-01,379.0,379.0,379.0,379.0,379.0,379.0
SAGLIK URUNLERI SATISI,TAKSITLI,2018-03-01,431.0,431.0,431.0,431.0,431.0,431.0
SAGLIK URUNLERI SATISI,TAKSITLI,2018-04-01,527.0,527.0,527.0,527.0,527.0,527.0
SAGLIK URUNLERI SATISI,TAKSITLI,2018-05-01,481.0,481.0,481.0,481.0,481.0,481.0
SAGLIK URUNLERI SATISI,TAKSITLI,2018-06-01,442.0,442.0,442.0,442.0,442.0,442.0
SAGLIK URUNLERI SATISI,TAKSITLI,2018-07-01,406.0,406.0,406.0,406.0,406.0,406.0
SAGLIK URUNLERI SATISI,TAKSITLI,2018-08-01,380.0,380.0,380.0,380.0,380.0,380.0
SAGLIK URUNLERI SATISI,TAKSITLI,2018-09-01,361.0,361.0,361.0,361.0,361.0,361.0
SAGLIK URUNLERI SATISI,TAKSITLI,2018-10-01,347.0,347.0,347.0,347.0,347.0,347.0
SAGLIK URUNLERI SATISI,TAKSITLI,2018-11-01,308.0,308.0,308.0,308.0,308.0,308.0
SAGLIK URUNLERI SATISI,TAKSITLI,2018-12-01,309.0,309.0,309.0,309.0,309.0,309.0
SAGLIK URUNLERI SATISI,TAKSITLI,2019-01-01,316.0,316.0,316.0,316.0,316.0,316.0
TASIMACILIK,PESIN,2017-11-01,2630.0,2630.0,2630.0,2630.0,2630.0,2630.0
TASIMACILIK,PESIN,2017-12-01,2662.0,2662.0,2662.0,2662.0,2662.0,2662.0
TASIMACILIK,PESIN,2018-01-01,2994.0,2994.0,2994.0,2994.0,2994.0,2994.0
TASIMACILIK,PESIN,2018-02-01,2433.0,2433.0,2433.0,2433.0,2433.0,2433.0
TASIMACILIK,PESIN,2018-03-01,2775.0,2775.0,2775.0,2775.0,2775.0,2775.0
TASIMACILIK,PESIN,2018-04-01,3124.0,3124.0,3124.0,3124.0,3124.0,3124.0
TASIMACILIK,PESIN,2018-05-01,2921.0,2921.0,2921.0,2921.0,2921.0,2921.0
TASIMACILIK,PESIN,2018-06-01,3197.0,3197.0,3197.0,3197.0,3197.0,3197.0
TASIMACILIK,PESIN,2018-07-01,3604.0,3604.0,3604.0,3604.0,3604.0,3604.0
TASIMACILIK,PESIN,2018-08-01,3529.0,3529.0,3529.0,3529.0,3529.0,3529.0
TASIMACILIK,PESIN,2018-09-01,3127.0,3127.0,3127.0,3127.0,3127.0,3127.0
TASIMACILIK,PESIN,2018-10-01,2941.0,2941.0,2941.0,2941.0,2941.0,2941.0
TASIMACILIK,PESIN,2018-11-01,2625.0,2625.0,2625.0,2625.0,2625.0,2625.0
TASIMACILIK,PESIN,2018-12-01,2584.0,2584.0,2584.0,2584.0,2584.0,2584.0
TASIMACILIK,PESIN,2019-01-01,2977.0,2977.0,2977.0,2977.0,2977.0,2977.0
TASIMACILIK,TAKSITLI,2017-11-01,14.0,14.0,14.0,14.0,14.0,14.0
TASIMACILIK,TAKSITLI,2017-12-01,6.0,6.0,6.0,6.0,6.0,6.0
TASIMACILIK,TAKSITLI,2018-01-01,11.0,11.0,11.0,11.0,11.0,11.0
TASIMACILIK,TAKSITLI,2018-02-01,6.0,6.0,6.0,6.0,6.0,6.0
TASIMACILIK,TAKSITLI,2018-03-01,10.0,10.0,10.0,10.0,10.0,10.0
TASIMACILIK,TAKSITLI,2018-04-01,6.0,6.0,6.0,6.0,6.0,6.0
TASIMACILIK,TAKSITLI,2018-05-01,8.0,8.0,8.0,8.0,8.0,8.0
TASIMACILIK,TAKSITLI,2018-06-01,8.0,8.0,8.0,8.0,8.0,8.0
TASIMACILIK,TAKSITLI,2018-07-01,8.0,8.0,8.0,8.0,8.0,8.0
TASIMACILIK,TAKSITLI,2018-08-01,27.0,27.0,27.0,27.0,27.0,27.0
TASIMACILIK,TAKSITLI,2018-09-01,59.0,59.0,59.0,59.0,59.0,59.0
TASIMACILIK,TAKSITLI,2018-10-01,11.0,11.0,11.0,11.0,11.0,11.0
TASIMACILIK,TAKSITLI,2018-11-01,15.0,15.0,15.0,15.0,15.0,15.0
TASIMACILIK,TAKSITLI,2018-12-01,13.0,13.0,13.0,13.0,13.0,13.0
TASIMACILIK,TAKSITLI,2019-01-01,12.0,12.0,12.0,12.0,12.0,12.0
TURIZM / KONAKLAMA,PESIN,2017-11-01,2450.0,2450.0,2450.0,2450.0,2450.0,2450.0
TURIZM / KONAKLAMA,PESIN,2017-12-01,2510.0,2510.0,2510.0,2510.0,2510.0,2510.0
TURIZM / KONAKLAMA,PESIN,2018-01-01,2674.0,2674.0,2674.0,2674.0,2674.0,2674.0
TURIZM / KONAKLAMA,PESIN,2018-02-01,2456.0,2456.0,2456.0,2456.0,2456.0,2456.0
TURIZM / KONAKLAMA,PESIN,2018-03-01,2600.0,2600.0,2600.0,2600.0,2600.0,2600.0
TURIZM / KONAKLAMA,PESIN,2018-04-01,2923.0,2923.0,2923.0,2923.0,2923.0,2923.0
TURIZM / KONAKLAMA,PESIN,2018-05-01,2632.0,2632.0,2632.0,2632.0,2632.0,2632.0
TURIZM / KONAKLAMA,PESIN,2018-06-01,2809.0,2809.0,2809.0,2809.0,2809.0,2809.0
TURIZM / KONAKLAMA,PESIN,2018-07-01,3636.0,3636.0,3636.0,3636.0,3636.0,3636.0
TURIZM / KONAKLAMA,PESIN,2018-08-01,3418.0,3418.0,3418.0,3418.0,3418.0,3418.0
TURIZM / KONAKLAMA,PESIN,2018-09-01,2940.0,2940.0,2940.0,2940.0,2940.0,2940.0
TURIZM / KONAKLAMA,PESIN,2018-10-01,2682.0,2682.0,2682.0,2682.0,2682.0,2682.0
TURIZM / KONAKLAMA,PESIN,2018-11-01,2449.0,2449.0,2449.0,2449.0,2449.0,2449.0
TURIZM / KONAKLAMA,PESIN,2018-12-01,2458.0,2458.0,2458.0,2458.0,2458.0,2458.0
TURIZM / KONAKLAMA,PESIN,2019-01-01,2599.0,2599.0,2599.0,2599.0,2599.0,2599.0
TURIZM / KONAKLAMA,TAKSITLI,2017-11-01,244.0,244.0,244.0,244.0,244.0,244.0
TURIZM / KONAKLAMA,TAKSITLI,2017-12-01,312.0,312.0,312.0,312.0,312.0,312.0
TURIZM / KONAKLAMA,TAKSITLI,2018-01-01,410.0,410.0,410.0,410.0,410.0,410.0
TURIZM / KONAKLAMA,TAKSITLI,2018-02-01,319.0,319.0,319.0,319.0,319.0,319.0
TURIZM / KONAKLAMA,TAKSITLI,2018-03-01,339.0,339.0,339.0,339.0,339.0,339.0
TURIZM / KONAKLAMA,TAKSITLI,2018-04-01,362.0,362.0,362.0,362.0,362.0,362.0
TURIZM / KONAKLAMA,TAKSITLI,2018-05-01,331.0,331.0,331.0,331.0,331.0,331.0
TURIZM / KONAKLAMA,TAKSITLI,2018-06-01,384.0,384.0,384.0,384.0,384.0,384.0
TURIZM / KONAKLAMA,TAKSITLI,2018-07-01,512.0,512.0,512.0,512.0,512.0,512.0
TURIZM / KONAKLAMA,TAKSITLI,2018-08-01,384.0,384.0,384.0,384.0,384.0,384.0
TURIZM / KONAKLAMA,TAKSITLI,2018-09-01,322.0,322.0,322.0,322.0,322.0,322.0
TURIZM / KONAKLAMA,TAKSITLI,2018-10-01,219.0,219.0,219.0,219.0,219.0,219.0
TURIZM / KONAKLAMA,TAKSITLI,2018-11-01,209.0,209.0,209.0,209.0,209.0,209.0
TURIZM / KONAKLAMA,TAKSITLI,2018-12-01,241.0,241.0,241.0,241.0,241.0,241.0
TURIZM / KONAKLAMA,TAKSITLI,2019-01-01,296.0,296.0,296.0,296.0,296.0,296.0
